{"v":"5.0.1","fr":10,"ip":12,"op":22,"w":300,"h":300,"assets":[],"layers":[{"ind":18,"nm":"Layer 18","ks":{"p":{"a":0,"k":[16.827,19.071]},"a":{"a":0,"k":[0,0,0]},"s":{"a":0,"k":[60,60,100]},"r":{"a":0,"k":0},"o":{"a":0,"k":100}},"ao":0,"ip":0,"op":22,"st":0,"bm":0,"sr":1,"ty":4,"shapes":[]},{"ind":17,"nm":"Layer 17","ks":{"p":{"a":0,"k":[16.827,19.071]},"a":{"a":0,"k":[0,0,0]},"s":{"a":0,"k":[60,60,100]},"r":{"a":0,"k":0},"o":{"a":0,"k":100}},"ao":0,"ip":0,"op":22,"st":0,"bm":0,"sr":1,"ty":4,"shapes":[]},{"ind":16,"nm":"Layer 16","ks":{"p":{"a":0,"k":[16.827,19.071]},"a":{"a":0,"k":[0,0,0]},"s":{"a":0,"k":[60,60,100]},"r":{"a":0,"k":0},"o":{"a":0,"k":100}},"ao":0,"ip":0,"op":22,"st":0,"bm":0,"sr":1,"ty":4,"shapes":[]},{"ind":15,"nm":"Layer 15","ks":{"p":{"a":0,"k":[16.827,19.071]},"a":{"a":0,"k":[0,0,0]},"s":{"a":0,"k":[60,60,100]},"r":{"a":0,"k":0},"o":{"a":0,"k":100}},"ao":0,"ip":0,"op":22,"st":0,"bm":0,"sr":1,"ty":4,"shapes":[]},{"ind":14,"nm":"Layer 14","ks":{"p":{"a":0,"k":[16.827,19.071]},"a":{"a":0,"k":[0,0,0]},"s":{"a":0,"k":[60,60,100]},"r":{"a":0,"k":0},"o":{"a":0,"k":100}},"ao":0,"ip":0,"op":22,"st":0,"bm":0,"sr":1,"ty":4,"shapes":[]},{"ind":13,"nm":"Layer 13","ks":{"p":{"a":0,"k":[16.827,19.071]},"a":{"a":0,"k":[0,0,0]},"s":{"a":0,"k":[60,60,100]},"r":{"a":0,"k":0},"o":{"a":0,"k":100}},"ao":0,"ip":0,"op":22,"st":0,"bm":0,"sr":1,"ty":4,"shapes":[]},{"ind":12,"nm":"Layer 12","ks":{"p":{"a":0,"k":[16.827,19.071]},"a":{"a":0,"k":[0,0,0]},"s":{"a":0,"k":[60,60,100]},"r":{"a":0,"k":0},"o":{"a":0,"k":100}},"ao":0,"ip":0,"op":22,"st":0,"bm":0,"sr":1,"ty":4,"shapes":[]},{"ind":11,"nm":"Layer 11","ks":{"p":{"a":0,"k":[16.827,19.071]},"a":{"a":0,"k":[0,0,0]},"s":{"a":0,"k":[60,60,100]},"r":{"a":0,"k":0},"o":{"a":0,"k":100}},"ao":0,"ip":0,"op":22,"st":0,"bm":0,"sr":1,"ty":4,"shapes":[]},{"ind":10,"nm":"Layer 10","ks":{"p":{"a":0,"k":[16.827,19.071]},"a":{"a":0,"k":[0,0,0]},"s":{"a":0,"k":[60,60,100]},"r":{"a":0,"k":0},"o":{"a":0,"k":100}},"ao":0,"ip":0,"op":22,"st":0,"bm":0,"sr":1,"ty":4,"shapes":[]},{"ind":9,"nm":"Layer 9","ks":{"p":{"a":0,"k":[16.827,19.071]},"a":{"a":0,"k":[0,0,0]},"s":{"a":0,"k":[60,60,100]},"r":{"a":0,"k":0},"o":{"a":0,"k":100}},"ao":0,"ip":0,"op":22,"st":0,"bm":0,"sr":1,"ty":4,"shapes":[]},{"ind":8,"nm":"Layer 8","ks":{"p":{"a":0,"k":[16.827,19.071]},"a":{"a":0,"k":[0,0,0]},"s":{"a":0,"k":[60,60,100]},"r":{"a":0,"k":0},"o":{"a":0,"k":100}},"ao":0,"ip":0,"op":22,"st":0,"bm":0,"sr":1,"ty":4,"shapes":[]},{"ind":7,"nm":"Layer 7","ks":{"p":{"a":0,"k":[16.827,19.071]},"a":{"a":0,"k":[0,0,0]},"s":{"a":0,"k":[60,60,100]},"r":{"a":0,"k":0},"o":{"a":0,"k":100}},"ao":0,"ip":0,"op":22,"st":0,"bm":0,"sr":1,"ty":4,"shapes":[]},{"ind":6,"nm":"Layer 6","ks":{"p":{"a":0,"k":[16.827,19.071]},"a":{"a":0,"k":[0,0,0]},"s":{"a":0,"k":[60,60,100]},"r":{"a":0,"k":0},"o":{"a":0,"k":100}},"ao":0,"ip":0,"op":22,"st":0,"bm":0,"sr":1,"ty":4,"shapes":[]},{"ind":5,"nm":"Layer 5","ks":{"p":{"a":0,"k":[16.827,19.071]},"a":{"a":0,"k":[0,0,0]},"s":{"a":0,"k":[60,60,100]},"r":{"a":0,"k":0},"o":{"a":0,"k":100}},"ao":0,"ip":0,"op":22,"st":0,"bm":0,"sr":1,"ty":4,"shapes":[]},{"ind":4,"nm":"Layer 4","ks":{"p":{"a":0,"k":[16.827,19.071]},"a":{"a":0,"k":[0,0,0]},"s":{"a":0,"k":[60,60,100]},"r":{"a":0,"k":0},"o":{"a":0,"k":100}},"ao":0,"ip":0,"op":22,"st":0,"bm":0,"sr":1,"ty":4,"shapes":[]},{"ind":3,"nm":"exclaim","ks":{"p":{"a":1,"k":[{"t":12,"s":[16.827,19.071,0],"to":[0,0,0],"ti":[0,0,0],"i":{"x":[0.58],"y":[1]},"o":{"x":[0.42],"y":[0]},"e":[16.827,14.583,0]},{"t":13,"s":[16.827,14.583,0],"to":[0,0,0],"ti":[0,0,0],"i":{"x":[0.58],"y":[1]},"o":{"x":[0.42],"y":[0]},"e":[16.827,19.071,0]},{"t":14,"s":[16.827,19.071,0],"to":[0,0,0],"ti":[0,0,0],"i":{"x":[0.58],"y":[1]},"o":{"x":[0.42],"y":[0]},"e":[17.949,23.558,0]},{"t":15,"s":[17.949,23.558,0],"to":[0,0,0],"ti":[0,0,0],"i":{"x":[0.58],"y":[1]},"o":{"x":[0.42],"y":[0]},"e":[16.827,14.584,0]},{"t":16,"s":[16.827,14.584,0],"to":[0,0,0],"ti":[0,0,0],"i":{"x":[0.58],"y":[1]},"o":{"x":[0.42],"y":[0]},"e":[16.827,19.071,0]},{"t":17,"s":[16.827,19.071,0],"to":[0,0,0],"ti":[0,0,0],"i":{"x":[0.58],"y":[1]},"o":{"x":[0.42],"y":[0]},"e":[17.949,23.558,0]},{"t":18,"s":[17.949,23.558,0],"to":[0,0,0],"ti":[0,0,0],"i":{"x":[0.58],"y":[1]},"o":{"x":[0.42],"y":[0]},"e":[16.827,19.071,0]},{"t":19,"s":[16.827,19.071,0],"to":[0,0,0],"ti":[0,0,0],"i":{"x":[0.58],"y":[1]},"o":{"x":[0.42],"y":[0]},"e":[16.827,14.584,0]},{"t":20,"s":[16.827,14.584,0],"to":[0,0,0],"ti":[0,0,0],"i":{"x":[0.58],"y":[1]},"o":{"x":[0.42],"y":[0]},"e":[16.827,19.071,0]},{"t":21,"s":[16.827,19.071,0],"to":[0,0,0],"ti":[0,0,0],"i":{"x":[0.58],"y":[1]},"o":{"x":[0.42],"y":[0]},"e":[17.949,23.558,0]},{"t":22,"s":[17.949,23.558,0]}]},"a":{"a":1,"k":[{"t":12,"s":[0,0,0],"i":{"x":[0.58],"y":[1]},"o":{"x":[0.42],"y":[0]},"e":[0,0,0]},{"t":13,"s":[0,0,0],"i":{"x":[0.58],"y":[1]},"o":{"x":[0.42],"y":[0]},"e":[0,0,0]},{"t":14,"s":[0,0,0],"i":{"x":[0.58],"y":[1]},"o":{"x":[0.42],"y":[0]},"e":[0,0,0]},{"t":15,"s":[0,0,0],"i":{"x":[0.58],"y":[1]},"o":{"x":[0.42],"y":[0]},"e":[0,0,0]},{"t":16,"s":[0,0,0],"i":{"x":[0.58],"y":[1]},"o":{"x":[0.42],"y":[0]},"e":[0,0,0]},{"t":17,"s":[0,0,0],"i":{"x":[0.58],"y":[1]},"o":{"x":[0.42],"y":[0]},"e":[0,0,0]},{"t":18,"s":[0,0,0],"i":{"x":[0.58],"y":[1]},"o":{"x":[0.42],"y":[0]},"e":[0,0,0]},{"t":19,"s":[0,0,0],"i":{"x":[0.58],"y":[1]},"o":{"x":[0.42],"y":[0]},"e":[0,0,0]},{"t":20,"s":[0,0,0],"i":{"x":[0.58],"y":[1]},"o":{"x":[0.42],"y":[0]},"e":[0,0,0]},{"t":21,"s":[0,0,0],"i":{"x":[0.58],"y":[1]},"o":{"x":[0.42],"y":[0]},"e":[0,0,0]},{"t":22,"s":[0,0,0]}]},"s":{"a":0,"k":[60,60,100]},"r":{"a":1,"k":[{"t":12,"s":[0],"i":{"x":[0.58],"y":[1]},"o":{"x":[0.42],"y":[0]},"e":[2]},{"t":13,"s":[2],"i":{"x":[0.58],"y":[1]},"o":{"x":[0.42],"y":[0]},"e":[0]},{"t":14,"s":[0],"i":{"x":[0.58],"y":[1]},"o":{"x":[0.42],"y":[0]},"e":[-2]},{"t":15,"s":[-2],"i":{"x":[0.58],"y":[1]},"o":{"x":[0.42],"y":[0]},"e":[2]},{"t":16,"s":[2],"i":{"x":[0.58],"y":[1]},"o":{"x":[0.42],"y":[0]},"e":[0]},{"t":17,"s":[0],"i":{"x":[0.58],"y":[1]},"o":{"x":[0.42],"y":[0]},"e":[-2]},{"t":18,"s":[-2],"i":{"x":[0.58],"y":[1]},"o":{"x":[0.42],"y":[0]},"e":[0]},{"t":19,"s":[0],"i":{"x":[0.58],"y":[1]},"o":{"x":[0.42],"y":[0]},"e":[2]},{"t":20,"s":[2],"i":{"x":[0.58],"y":[1]},"o":{"x":[0.42],"y":[0]},"e":[0]},{"t":21,"s":[0],"i":{"x":[0.58],"y":[1]},"o":{"x":[0.42],"y":[0]},"e":[-2]},{"t":22,"s":[-2]}]},"o":{"a":1,"k":[{"t":9,"s":[0],"i":{"x":[0.833],"y":[0.833]},"o":{"x":[0.167],"y":[0.167]},"e":[100]},{"t":11,"s":[100]}]}},"ao":0,"ip":0,"op":22,"st":0,"bm":0,"sr":1,"ty":4,"shapes":[{"ty":"gr","it":[{"d":1,"ty":"el","s":{"a":0,"k":[34.134,34.134]},"p":{"a":0,"k":[0,0]}},{"ty":"fl","c":{"a":0,"k":[0.247,0.267,0.282,1]},"hd":false,"o":{"a":0,"k":100},"r":1},{"ty":"tr","p":{"a":0,"k":[0,0]},"a":{"a":0,"k":[-225.879,-336.092]},"s":{"a":0,"k":[100,100]},"r":{"a":0,"k":0},"o":{"a":0,"k":100},"sk":{"a":0,"k":0},"sa":{"a":0,"k":0}}],"nm":"Object","hd":false},{"ty":"gr","it":[{"ty":"sh","d":1,"ks":{"a":0,"k":{"i":[[0,0],[0,0],[-9.956,0],[0,0],[-1.422,8.533],[0,0],[18.489,0],[0,0],[-1.423,-18.489]],"o":[[0,0],[1.422,8.533],[0,0],[8.533,0],[0,0],[2.844,-18.489],[0,0],[-18.49,-0.001],[0,0]],"v":[[196.013,212.359],[207.391,287.737],[225.88,303.381],[225.88,303.381],[244.369,287.737],[255.747,212.359],[225.88,178.226],[225.88,178.226],[196.013,212.359]],"c":true},"hd":false}},{"ty":"fl","c":{"a":0,"k":[0.247,0.267,0.282,1]},"hd":false,"o":{"a":0,"k":100},"r":1},{"ty":"tr","p":{"a":0,"k":[0,0]},"a":{"a":0,"k":[0,0]},"s":{"a":0,"k":[100,100]},"r":{"a":0,"k":0},"o":{"a":0,"k":100},"sk":{"a":0,"k":0},"sa":{"a":0,"k":0}}],"nm":"Object","hd":false}],"ln":"exclaim"},{"ind":2,"nm":"Layer 2","ks":{"p":{"a":0,"k":[16.827,19.071]},"a":{"a":0,"k":[0,0,0]},"s":{"a":0,"k":[60,60,100]},"r":{"a":0,"k":0},"o":{"a":0,"k":100}},"ao":0,"ip":0,"op":22,"st":0,"bm":0,"sr":1,"ty":4,"shapes":[{"ty":"gr","it":[{"ty":"sh","d":1,"ks":{"a":0,"k":{"i":[[0,0],[0,0],[0,0],[0,0],[0,0]],"o":[[0,0],[0,0],[0,0],[0,0],[0,0]],"v":[[225.879,63.025],[409.346,388.714],[42.413,388.714],[225.879,63.025],[225.879,63.025]],"c":true},"hd":false}},{"ty":"fl","c":{"a":0,"k":[1,1,1,1]},"hd":false,"o":{"a":0,"k":100},"r":1},{"ty":"tr","p":{"a":0,"k":[0,0]},"a":{"a":0,"k":[0,0]},"s":{"a":0,"k":[100,100]},"r":{"a":0,"k":0},"o":{"a":0,"k":100},"sk":{"a":0,"k":0},"sa":{"a":0,"k":0}}],"nm":"Object","hd":false}]},{"ind":1,"nm":"triangle","ks":{"p":{"a":0,"k":[16.827,19.071]},"a":{"a":0,"k":[0,0,0]},"s":{"a":0,"k":[60,60,100]},"r":{"a":0,"k":0},"o":{"a":1,"k":[{"t":0,"s":[0],"i":{"x":[0.833],"y":[0.833]},"o":{"x":[0.167],"y":[0.167]},"e":[100]},{"t":5,"s":[100]}]}},"ao":0,"ip":0,"op":22,"st":0,"bm":0,"sr":1,"ty":4,"shapes":[{"ty":"gr","it":[{"ty":"sh","d":1,"ks":{"a":0,"k":{"i":[[0,0],[0,0],[15.645,-28.444],[0,0],[-32.711,0],[0,0],[15.644,28.444]],"o":[[0,0],[-15.644,-28.444],[0,0],[-15.644,28.444],[0,0],[34.133,-1.422],[0,0]],"v":[[446.324,367.381],[262.857,41.692],[188.901,41.692],[5.435,367.381],[42.413,431.381],[407.924,431.381],[446.324,367.381]],"c":true},"hd":false}},{"ty":"fl","c":{"a":0,"k":[1,0.45098039215686275,0.4470588235294118,1]},"hd":false,"o":{"a":0,"k":100},"r":1},{"ty":"tr","p":{"a":0,"k":[0,0]},"a":{"a":0,"k":[0,0]},"s":{"a":0,"k":[100,100]},"r":{"a":0,"k":0},"o":{"a":0,"k":100},"sk":{"a":0,"k":0},"sa":{"a":0,"k":0}}],"nm":"Object","hd":false}],"ln":"triangle"}]}